1,,/*
2,,* Licensed to the Apache Software Foundation (ASF) under one or more
3,,* contributor license agreements. See the NOTICE file distributed with
4,,* this work for additional information regarding copyright ownership.
5,,"* The ASF licenses this file to You under the Apache License, Version 2.0"
6,,"* (the ""License""); you may not use this file except in compliance with"
7,,* the License. You may obtain a copy of the License at
8,,*
9,,* http://www.apache.org/licenses/LICENSE-2.0
10,,*
11,,"* Unless required by applicable law or agreed to in writing, software"
12,,"* distributed under the License is distributed on an ""AS IS"" BASIS,"
13,,"* WITHOUT WARRANTIES OR CONDITIONS OF ANY KIND, either express or implied."
14,,* See the License for the specific language governing permissions and
15,,* limitations under the License.
16,,*/
17,,package org.apache.commons.collections4;
18,,
19,,import java.util.ArrayList;
20,,import java.util.EmptyStackException;
21,,
22,,/**
23,,* An implementation of the {@link java.util.Stack} API that is based on an
24,,"* <code>ArrayList</code> instead of a <code>Vector</code>, so it is not"
25,,* synchronized to protect against multi-threaded access. The implementation
26,,* is therefore operates faster in environments where you do not need to
27,,* worry about multiple thread contention.
28,,* <p>
29,,* The removal order of an <code>ArrayStack</code> is based on insertion
30,,* order: The most recently added element is removed first. The iteration
31,,* order is <i>not</i> the same as the removal order. The iterator returns
32,,* elements from the bottom up.
33,,* <p>
34,,"* Unlike <code>Stack</code>, <code>ArrayStack</code> accepts null entries."
35,,* <p>
36,,"* <b>Note:</b> From version 4.0 onwards, this class does not implement the"
37,,* removed {@code Buffer} interface anymore.
38,,*
39,,* @param <E> the type of elements in this list
40,,* @see java.util.Stack
41,,* @since 1.0
42,,* @deprecated use {@link java.util.ArrayDeque} instead (available from Java 1.6)
43,,*/
44,,@Deprecated
45,,public class ArrayStack<E> extends ArrayList<E> {
46,,
47,,/** Ensure serialization compatibility */
48,,private static final long serialVersionUID = 2130079159931574599L;
49,,
50,,/**
51,,* Constructs a new empty <code>ArrayStack</code>. The initial size
52,,* is controlled by <code>ArrayList</code> and is currently 10.
53,,*/
54,,public ArrayStack() {
55,,super();
56,,}
57,,
58,,/**
59,,* Constructs a new empty <code>ArrayStack</code> with an initial size.
60,,*
61,,* @param initialSize the initial size to use
62,,* @throws IllegalArgumentException if the specified initial size
63,,* is negative
64,,*/
65,,public ArrayStack(final int initialSize) {
66,,super(initialSize);
67,,}
68,,
69,,/**
70,,* Return <code>true</code> if this stack is currently empty.
71,,* <p>
72,,* This method exists for compatibility with <code>java.util.Stack</code>.
73,,* New users of this class should use <code>isEmpty</code> instead.
74,,*
75,,* @return true if the stack is currently empty
76,,*/
77,,public boolean empty() {
78,1 1. empty : replaced return of integer sized value with (x == 0 ? 1 : 0) → NO_COVERAGE,return isEmpty();
79,,}
80,,
81,,/**
82,,* Returns the top item off of this stack without removing it.
83,,*
84,,* @return the top item on the stack
85,,* @throws EmptyStackException if the stack is empty
86,,*/
87,,public E peek() throws EmptyStackException {
88,,final int n = size();
89,"2 1. peek : changed conditional boundary → NO_COVERAGE
 2. peek : negated conditional → NO_COVERAGE",if (n <= 0) {
90,,throw new EmptyStackException();
91,,}
92,"2 1. peek : Replaced integer subtraction with addition → NO_COVERAGE
 2. peek : mutated return of Object value for org/apache/commons/collections4/ArrayStack::peek to ( if (x != null) null else throw new RuntimeException ) → NO_COVERAGE",return get(n - 1);
93,,}
94,,
95,,/**
96,,* Returns the n'th item down (zero-relative) from the top of this
97,,* stack without removing it.
98,,*
99,,* @param n the number of items down to go
100,,"* @return the n'th item on the stack, zero relative"
101,,* @throws EmptyStackException if there are not enough items on the
102,,* stack to satisfy this request
103,,*/
104,,public E peek(final int n) throws EmptyStackException {
105,"2 1. peek : Replaced integer subtraction with addition → NO_COVERAGE
 2. peek : Replaced integer subtraction with addition → NO_COVERAGE",final int m = (size() - n) - 1;
106,"2 1. peek : changed conditional boundary → NO_COVERAGE
 2. peek : negated conditional → NO_COVERAGE",if (m < 0) {
107,,throw new EmptyStackException();
108,,}
109,1 1. peek : mutated return of Object value for org/apache/commons/collections4/ArrayStack::peek to ( if (x != null) null else throw new RuntimeException ) → NO_COVERAGE,return get(m);
110,,}
111,,
112,,/**
113,,* Pops the top item off of this stack and return it.
114,,*
115,,* @return the top item on the stack
116,,* @throws EmptyStackException if the stack is empty
117,,*/
118,,public E pop() throws EmptyStackException {
119,,final int n = size();
120,"2 1. pop : changed conditional boundary → NO_COVERAGE
 2. pop : negated conditional → NO_COVERAGE",if (n <= 0) {
121,,throw new EmptyStackException();
122,,}
123,"2 1. pop : Replaced integer subtraction with addition → NO_COVERAGE
 2. pop : mutated return of Object value for org/apache/commons/collections4/ArrayStack::pop to ( if (x != null) null else throw new RuntimeException ) → NO_COVERAGE",return remove(n - 1);
124,,}
125,,
126,,/**
127,,* Pushes a new item onto the top of this stack. The pushed item is also
128,,* returned. This is equivalent to calling <code>add</code>.
129,,*
130,,* @param item the item to be added
131,,* @return the item just pushed
132,,*/
133,,public E push(final E item) {
134,,add(item);
135,1 1. push : mutated return of Object value for org/apache/commons/collections4/ArrayStack::push to ( if (x != null) null else throw new RuntimeException ) → NO_COVERAGE,return item;
136,,}
137,,
138,,/**
139,,* Returns the one-based position of the distance from the top that the
140,,"* specified object exists on this stack, where the top-most element is"
141,,* considered to be at distance <code>1</code>. If the object is not
142,,"* present on the stack, return <code>-1</code> instead. The"
143,,* <code>equals()</code> method is used to compare to the items
144,,* in this stack.
145,,*
146,,* @param object the object to be searched for
147,,"* @return the 1-based depth into the stack of the object, or -1 if not found"
148,,*/
149,,public int search(final Object object) {
150,1 1. search : Replaced integer subtraction with addition → NO_COVERAGE,int i = size() - 1; // Current index
151,,int n = 1; // Current distance
152,"2 1. search : changed conditional boundary → NO_COVERAGE
 2. search : negated conditional → NO_COVERAGE",while (i >= 0) {
153,,final Object current = get(i);
154,"3 1. search : negated conditional → NO_COVERAGE
 2. search : negated conditional → NO_COVERAGE
 3. search : negated conditional → NO_COVERAGE",if ((object == null && current == null) ||
155,1 1. search : negated conditional → NO_COVERAGE,(object != null && object.equals(current))) {
156,1 1. search : replaced return of integer sized value with (x == 0 ? 1 : 0) → NO_COVERAGE,return n;
157,,}
158,1 1. search : Changed increment from -1 to 1 → NO_COVERAGE,i--;
159,1 1. search : Changed increment from 1 to -1 → NO_COVERAGE,n++;
160,,}
161,1 1. search : replaced return of integer sized value with (x == 0 ? 1 : 0) → NO_COVERAGE,return -1;
162,,}
163,,
164,,}
,,Mutations
78,,"1.1
Location : empty
Killed by : none replaced return of integer sized value with (x == 0 ? 1 : 0) → NO_COVERAGE"
89,,"1.1
Location : peek
Killed by : none changed conditional boundary → NO_COVERAGE 2.2
Location : peek
Killed by : none negated conditional → NO_COVERAGE"
92,,"1.1
Location : peek
Killed by : none Replaced integer subtraction with addition → NO_COVERAGE 2.2
Location : peek
Killed by : none mutated return of Object value for org/apache/commons/collections4/ArrayStack::peek to ( if (x != null) null else throw new RuntimeException ) → NO_COVERAGE"
105,,"1.1
Location : peek
Killed by : none Replaced integer subtraction with addition → NO_COVERAGE 2.2
Location : peek
Killed by : none Replaced integer subtraction with addition → NO_COVERAGE"
106,,"1.1
Location : peek
Killed by : none changed conditional boundary → NO_COVERAGE 2.2
Location : peek
Killed by : none negated conditional → NO_COVERAGE"
109,,"1.1
Location : peek
Killed by : none mutated return of Object value for org/apache/commons/collections4/ArrayStack::peek to ( if (x != null) null else throw new RuntimeException ) → NO_COVERAGE"
120,,"1.1
Location : pop
Killed by : none changed conditional boundary → NO_COVERAGE 2.2
Location : pop
Killed by : none negated conditional → NO_COVERAGE"
123,,"1.1
Location : pop
Killed by : none Replaced integer subtraction with addition → NO_COVERAGE 2.2
Location : pop
Killed by : none mutated return of Object value for org/apache/commons/collections4/ArrayStack::pop to ( if (x != null) null else throw new RuntimeException ) → NO_COVERAGE"
135,,"1.1
Location : push
Killed by : none mutated return of Object value for org/apache/commons/collections4/ArrayStack::push to ( if (x != null) null else throw new RuntimeException ) → NO_COVERAGE"
150,,"1.1
Location : search
Killed by : none Replaced integer subtraction with addition → NO_COVERAGE"
152,,"1.1
Location : search
Killed by : none changed conditional boundary → NO_COVERAGE 2.2
Location : search
Killed by : none negated conditional → NO_COVERAGE"
154,,"1.1
Location : search
Killed by : none negated conditional → NO_COVERAGE 2.2
Location : search
Killed by : none negated conditional → NO_COVERAGE 3.3
Location : search
Killed by : none negated conditional → NO_COVERAGE"
155,,"1.1
Location : search
Killed by : none negated conditional → NO_COVERAGE"
156,,"1.1
Location : search
Killed by : none replaced return of integer sized value with (x == 0 ? 1 : 0) → NO_COVERAGE"
158,,"1.1
Location : search
Killed by : none Changed increment from -1 to 1 → NO_COVERAGE"
159,,"1.1
Location : search
Killed by : none Changed increment from 1 to -1 → NO_COVERAGE"
161,,"1.1
Location : search
Killed by : none replaced return of integer sized value with (x == 0 ? 1 : 0) → NO_COVERAGE"
